Crossing_Num,N_before,N_after,Drift_before,Drift_after,Approx_N
1,240,250,1.350827,-0.565885,245.000000
2,310,320,-0.689175,1.076625,315.000000
