N,Mode,Train_MAPE,Valid_MAPE,Extended_MAPE,Total_Drift,Quad_a,Coef_a,Coef_b,Num_Eigenvals
220,uniform,5.228168,1.366912,4.637172,4.348555,0.031129,958.829075,-191.092695,73
240,uniform,5.398042,1.085340,4.436316,1.350827,0.033624,1037.236526,-209.264087,80
260,uniform,5.538549,1.564445,4.498950,-2.517930,0.035109,1119.106721,-225.487552,87
280,uniform,5.579103,2.537222,4.204365,-2.611510,0.035554,1203.114167,-245.069443,93
300,uniform,5.598757,3.653109,3.815198,-1.393498,0.035815,1287.530393,-264.750001,100
