{
  "M": 256,
  "stage0": {
    "theta": 3.191592653589793,
    "c3": 0.0,
    "R2": 0.991975695162111,
    "rmse": 0.490994490286662
  },
  "stage1": {
    "theta1": 3.191592653589793,
    "theta2": 3.251592653589793,
    "delta": 0.06,
    "R2": 0.9822503542003901,
    "rmse": 0.3815133467181377,
    "improved": false
  },
  "stage2": {
    "m1": 0.0,
    "g1": 0.0,
    "R2": 0.991975695162111,
    "rmse": 0.4909944902866628,
    "improved": false
  },
  "stage3": {
    "eps": 0.0,
    "theta_sigma": 0.0,
    "R2": 0.9967115020419721,
    "rmse": 0.2653160268410034,
    "improved": true
  },
  "skip": 5,
  "N": 40,
  "anchors": [
    9,
    33
  ],
  "a": -0.30333624538856885,
  "b": 0.1525167138541078,
  "R2": 0.996662683877621
}