{
  "M": 256,
  "mode": "symmetric",
  "stage0": {
    "theta": 3.141592653589793,
    "c3": 0.0,
    "R2": 0.99188092411605,
    "rmse": 0.49394294405324385
  },
  "stage1": {
    "theta1": 3.141592653589793,
    "theta2": 3.141592653589793,
    "delta": 0.0,
    "R2": 0.99188092411605,
    "rmse": 0.49394294405324385,
    "improved": false
  },
  "stage2": {
    "m1": 0.0,
    "g1": 0.0,
    "R2": 0.9918809241160501,
    "rmse": 0.493942944053239,
    "improved": false
  },
  "stage3": {
    "eps": 0.0,
    "theta_sigma": 0.0,
    "R2": 0.9966562640028411,
    "rmse": 0.26756298910272786,
    "improved": true
  },
  "skip": 5,
  "N": 40,
  "anchors": [
    9,
    33
  ],
  "a": -0.2953784982339691,
  "b": 0.15251671385410778,
  "R2": 0.9965887284556063,
  "symmetry": {
    "theta_check": 3.141592653589793,
    "parity_scalar": 0.05664711487535015,
    "parity_torus": 0.11309023420059
  }
}